Item,Rarity,Recycles To,Sell Price,Stack Size,Category,Uses
Bloated Tuna Can,Common,Cannot be recycled,"1,000",15,Trinket,
Expired Pasta,Common,Cannot be recycled,"1,000",15,Trinket,
Rubber Duck,Common,Cannot be recycled,"1,000",15,Trinket,
Assorted Seeds,Common,Cannot be recycled,100,100,Nature,
Resin,Common,Cannot be recycled,"1,000",10,Nature,
Burnt-Out Candles,Common,Cannot be recycled,640,15,Trinket,
Faded Photograph,Common,Cannot be recycled,640,15,Trinket,
Agave Juice,Common,Cannot be recycled,"1,800",5,Quick Use,
Empty Wine Bottle,Common,Cannot be recycled,"1,000",5,Trinket,
Torn Book,Common,Cannot be recycled,"1,000",5,Trinket,
Metal Parts,Common,Cannot be recycled,75,50,Basic Material,Workshop Gunsmith 1 (20×) Refiner 1 (60×) Projects Expedition 1 (150×) Expedition 2 (150×) Expedition 3 (150×)
Coffee Pot,Common,Cannot be recycled,"1,000",3,Trinket,Projects Expedition 3 (1×)
Damaged Leaper Pulse Unit,Common,3× ARC Alloy,"1,000",3,Recyclable,
Damaged Rocketeer Driver,Common,3× ARC Alloy,"1,000",3,Recyclable,
Plastic Parts,Common,Cannot be recycled,60,50,Basic Material,Workshop Gear Bench 1 (25×) Utility Station 1 (50×) Projects Expedition 2 (200×)
Chemicals,Common,Cannot be recycled,50,50,Basic Material,Workshop Explosives Station 1 (50×) Projects Expedition 3 (100×)
Fabric,Common,Cannot be recycled,50,50,Basic Material,Workshop Gear Bench 1 (30×) Medical Lab 1 (50×)
Rubber Parts,Common,Cannot be recycled,50,50,Basic Material,Workshop Gunsmith 1 (30×) Projects Expedition 1 (200×)
Damaged Snitch Scanner,Common,Cannot be recycled,659,3,Recyclable,
Damaged Hornet Driver,Common,2× ARC Alloy,640,3,Recyclable,
Noisemaker,Common,1× Speaker Component,640,3,Quick Use,
Adrenaline Shot,Common,1× Chemicals 1× Plastic Parts,300,5,Quick Use,
Li'l Smoke Grenade,Common,1× Chemicals 1× Plastic Parts,300,5,Quick Use,
Damaged ARC Powercell,Common,1× ARC Alloy,293,5,Recyclable,
ARC Powercell,Common,Cannot be recycled,270,5,Topside Material,Workshop Refiner 1 (5×)
Firecracker,Common,3× Plastic Parts,270,5,Quick Use,
Light Impact Grenade,Common,1× Chemicals 1× Plastic Parts,270,5,Quick Use,
Volcanic Rock,Common,Cannot be recycled,270,5,Misc,
Bandage,Common,2× Fabric,250,5,Quick Use,
Gas Grenade Trap,Common,Cannot be recycled,300,3,Quick Use,
Damaged Fireball Burner,Common,1× ARC Alloy,270,3,Recyclable,
Damaged Tick Pod,Common,1× ARC Alloy,270,3,Recyclable,
Damaged Wasp Driver,Common,1× ARC Alloy,270,3,Recyclable,
Door Blocker,Common,2× Metal Parts,270,3,Quick Use,
Gas Grenade,Common,1× Chemicals 1× Rubber Parts,270,3,Quick Use,
Gas Mine,Common,1× Chemicals 1× Rubber Parts,270,3,Quick Use,
Remote Raider Flare,Common,1× Chemicals 1× Rubber Parts,270,3,Quick Use,
Blue Light Stick,Common,1× Chemicals,150,5,Quick Use,
Green Light Stick,Common,1× Chemicals,150,5,Quick Use,
Red Light Stick,Common,1× Chemicals,150,5,Quick Use,
Yellow Light Stick,Common,1× Chemicals,150,5,Quick Use,
Angled Grip I,Common,6× Plastic Parts,640,1,Mods,
Binoculars,Common,2× Rubber Parts 4× Plastic Parts,640,1,Quick Use,
Compensator I,Common,5× Metal Parts,640,1,Mods,
Extended Light Mag I,Common,6× Plastic Parts,640,1,Mods,
Extended Medium Mag I,Common,6× Plastic Parts,640,1,Mods,
Extended Shotgun Mag I,Common,6× Plastic Parts,640,1,Mods,
Muzzle Brake I,Common,5× Metal Parts,640,1,Mods,
Shotgun Choke I,Common,5× Metal Parts,640,1,Mods,
Stable Stock I,Common,6× Rubber Parts,640,1,Mods,
Vertical Grip I,Common,6× Plastic Parts,640,1,Mods,
Heavy Ammo,Common,Cannot be recycled,12,40,Ammunition,
Medium Ammo,Common,Cannot be recycled,6,80,Ammunition,
Light Ammo,Common,Cannot be recycled,4,100,Ammunition,
Shotgun Ammo,Common,Cannot be recycled,20,20,Ammunition,
Ruined Augment,Common,2× Plastic Parts 2× Rubber Parts,270,1,Recyclable,
Free Loadout Augment,Common,6× Plastic Parts 6× Rubber Parts,100,1,Augment,
Snowball,Common,Cannot be recycled,10,5,Nature,
Integrated Binoculars,Common,Cannot be recycled,0,,Quick Use,
Integrated Shield Recharger,Common,Cannot be recycled,0,,Quick Use,
Ancient Fort Security Code,Common,Cannot be recycled,0,1,Key,
Pilgrim's Peak Security Code,Common,Cannot be recycled,0,1,Key,
Raider's Refuge Security Code,Common,Cannot be recycled,0,1,Key,
Reinforced Reception Security Code,Common,Cannot be recycled,0,1,Key,
Familiar Duck,Epic,Cannot be recycled,"7,000",15,Trinket,
Lance's Mixtape (5th Edition),Epic,Cannot be recycled,"10,000",3,Trinket,
Ion Sputter,Epic,1× Exodus Modules 4× Voltage Converter,"6,000",3,Recyclable,Quests With A View (1×) Projects Expedition 2 (3×)
Magnetron,Epic,1× Magnetic Accelerator 1× Steel Spring,"6,000",3,Recyclable,Quests Snap And Salvage (1×)
Magnetic Accelerator,Epic,1× Advanced Mechanical Components 1× ARC Motion Core,"5,500",3,Refined Material,Projects Expedition 1 (3×) Trophy Display (10×)
Power Rod,Epic,1× Advanced Electrical Components 1× ARC Circuitry,"5,000",3,Refined Material,Quests Tribute To Toledo (1×)
Geiger Counter,Epic,1× Exodus Modules 3× Battery,"3,500",3,Recyclable,Projects Trophy Display (3×)
Spectrum Analyzer,Epic,1× Exodus Modules 1× Sensors,"3,500",3,Recyclable,
Bastion Cell,Epic,1× Advanced Mechanical Components 3× ARC Alloy,"3,000",3,Recyclable,Workshop Gear Bench 3 (6×) Quests Settled in Full (1×) Projects Trophy Display (5×)
Bombardier Cell,Epic,1× Advanced Mechanical Components 3× ARC Alloy,"3,000",3,Recyclable,Workshop Refiner 3 (6×) Projects Expedition 3 (2×) Trophy Display (8×)
Complex Gun Parts,Epic,3× Simple Gun Parts,"3,000",3,Topside Material,
Leaper Pulse Unit,Epic,1× Advanced Mechanical Components 3× ARC Alloy,"3,000",3,Recyclable,Workshop Utility Station 3 (4×) Quests Into The Fray (1×) Projects Expedition 1 (3×) Expedition 2 (3×) Trophy Display (10×)
Rocketeer Driver,Epic,2× Advanced Electrical Components 3× ARC Alloy,"3,000",3,Recyclable,Workshop Explosives Station 3 (3×) Quests Out of the Shadows (1×) Projects Trophy Display (8×)
Exodus Modules,Epic,2× Magnet 2× Processor,"2,750",3,Topside Material,Projects Expedition 1 (1×) Expedition 2 (1×) Expedition 3 (1×) Trophy Display (5×)
Breathtaking Snow Globe,Epic,Cannot be recycled,"7,000",1,Trinket,Projects Expedition 3 (3×)
Horizontal Grip,Epic,1× Mod Components 2× Duct Tape,"7,000",1,Mods,
Silencer III,Epic,1× Mod Components 3× Wires,"7,000",1,Mods,
Deadline,Epic,1× ARC Circuitry 1× Explosive Compound,"6,000",1,Quick Use,
Vaporizer Regulator,Epic,1× Advanced Electrical Components 2× ARC Circuitry,"6,000",1,Recyclable,Projects High-Gain Antenna (15×) High-Gain Antenna (4×)
Wolfpack,Epic,1× ARC Motion Core 1× Explosive Compound,"6,000",1,Quick Use,
Heavy Shield,Epic,1× Voltage Converter 2× ARC Circuitry,"5,500",1,Shield,
Assessor Matrix,Epic,1× Advanced Mechanical Components 3× Advanced ARC Powercell,"5,000",1,Recyclable,Projects High-Gain Antenna (18×) High-Gain Antenna (6×)
Combat Mk. 3 (Aggressive),Epic,1× Advanced Electrical Components 1× Processor,"5,000",1,Augment,
Combat Mk. 3 (Flanking),Epic,Cannot be recycled,"5,000",1,Augment,
Extended Barrel,Epic,1× Mod Components 1× Wires,"5,000",1,Mods,
Lightweight Stock,Epic,1× Duct Tape 1× Mod Components,"5,000",1,Mods,
Looting Mk. 3 (Cautious),Epic,1× Advanced Electrical Components 1× Processor,"5,000",1,Augment,
Looting Mk. 3 (Safekeeper),Epic,1× Advanced Electrical Components 1× Processor,"5,000",1,Augment,
Looting Mk. 3 (Survivor),Epic,1× Advanced Electrical Components 1× Processor,"5,000",1,Augment,
Padded Stock,Epic,1× Duct Tape 1× Mod Components,"5,000",1,Mods,
Photoelectric Cloak,Epic,1× Advanced Electrical Components 1× Speaker Component,"5,000",1,Quick Use,
Shotgun Silencer,Epic,1× Mod Components 1× Wires,"5,000",1,Mods,
Tactical Mk. 3 (Defensive),Epic,1× Advanced Electrical Components 1× Processor,"5,000",1,Augment,
Tactical Mk. 3 (Healing),Epic,1× Advanced Electrical Components 1× Processor,"5,000",1,Augment,
Tactical Mk. 3 (Revival),Epic,1× Advanced Electrical Components 1× Processor,"5,000",1,Augment,
Fossilized Lightning,Epic,3× Explosive Compound,"4,000",1,Nature,
Vita Spray,Epic,1× Antiseptic 1× Canister,"3,400",1,Quick Use,
Blue Gate Confiscation Room Key,Epic,Cannot be recycled,100,1,Key,
Buried City Town Hall Key,Epic,Cannot be recycled,100,1,Key,
Dam Control Tower Key,Epic,Cannot be recycled,100,1,Key,
Stella Montis Archives Key,Epic,Cannot be recycled,100,1,Key,
Snap Hook,Legendary,1× Power Rod 3× Rope,"14,000",1,Quick Use,
Matriarch Reactor,Legendary,1× Magnetic Accelerator 1× Power Rod,"11,000",1,Recyclable,Projects Trophy Display (3×)
Queen Reactor,Legendary,1× Magnetic Accelerator 1× Power Rod,"11,000",1,Recyclable,Projects Trophy Display (3×)
Acoustic Guitar,Legendary,4× Metal Parts 6× Wires,"7,000",1,Quick Use,
Anvil Splitter,Legendary,1× Mod Components 1× Processor,"7,000",1,Mods,
Kinetic Converter,Legendary,1× Mod Components 2× Duct Tape,"7,000",1,Mods,
Doodly Duck,Rare,Cannot be recycled,"3,000",15,Trinket,
Flashy Duck,Rare,Cannot be recycled,"3,000",15,Trinket,
Music Box,Rare,Cannot be recycled,"5,000",3,Trinket,
Playing Cards,Rare,Cannot be recycled,"5,000",3,Trinket,
Red Coral Jewelry,Rare,Cannot be recycled,"5,000",3,Trinket,
Showstopper,Rare,1× Electrical Components 1× Voltage Converter,"2,100",5,Quick Use,
Fine Wristwatch,Rare,Cannot be recycled,"3,000",3,Trinket,
Flow Controller,Rare,1× Advanced Mechanical Components 1× Sensors,"3,000",3,Recyclable,Quests Snap And Salvage (1×)
Frequency Modulation Box,Rare,1× Advanced Electrical Components 1× Speaker Component,"3,000",3,Recyclable,Projects Expedition 2 (5×)
Microscope,Rare,1× Advanced Mechanical Components 3× Magnet,"3,000",3,Recyclable,
Mini Centrifuge,Rare,1× Advanced Mechanical Components 2× Canister,"3,000",3,Recyclable,
Music Album,Rare,Cannot be recycled,"3,000",3,Trinket,
Radio Relay,Rare,2× Sensors 2× Speaker Component,"3,000",3,Recyclable,
Rotary Encoder,Rare,2× Electrical Components 2× Processor,"3,000",3,Recyclable,Quests With A View (1×)
Sample Cleaner,Rare,14× Assorted Seeds 2× Electrical Components,"3,000",3,Recyclable,
Signal Amplifier,Rare,2× Electrical Components 2× Voltage Converter,"3,000",3,Recyclable,
Silver Teaspoon Set,Rare,Cannot be recycled,"3,000",3,Trinket,
Spectrometer,Rare,1× Advanced Electrical Components 1× Sensors,"3,000",3,Recyclable,
Statuette,Rare,Cannot be recycled,"3,000",3,Trinket,
Telemetry Transceiver,Rare,1× Advanced Electrical Components 1× Processor,"3,000",3,Recyclable,
Vase,Rare,Cannot be recycled,"3,000",3,Trinket,
Advanced Electrical Components,Rare,1× Electrical Components 1× Wires,"1,750",5,Refined Material,Workshop Gear Bench 3 (5×) Utility Station 3 (5×) Projects Expedition 1 (5×) Expedition 2 (5×) Expedition 3 (5×)
Advanced Mechanical Components,Rare,1× Mechanical Components 1× Steel Spring,"1,750",5,Refined Material,Workshop Gunsmith 3 (5×)
Mod Components,Rare,1× Mechanical Components 1× Steel Spring,"1,750",5,Refined Material,
Blaze Grenade,Rare,2× Oil 4× Metal Parts,"1,600",5,Quick Use,
Trailblazer,Rare,2× Crude Explosives,"2,200",3,Quick Use,
Vita Shot,Rare,1× Syringe 4× Chemicals,"2,200",3,Quick Use,
Surge Coil,Rare,1× Electrical Components 1× Sensors,"2,100",3,Quick Use,
Bicycle Pump,Rare,10× Metal Parts 4× Canister,"2,000",3,Recyclable,Quests The League (1×)
Broken Guidance System,Rare,4× Processor,"2,000",3,Recyclable,Projects Expedition 3 (1×)
Broken Handheld Radio,Rare,2× Wires 3× Sensors,"2,000",3,Recyclable,
Cooling Fan,Rare,14× Plastic Parts 4× Wires,"2,000",3,Recyclable,Projects Expedition 1 (5×)
Film Reel,Rare,Cannot be recycled,"2,000",3,Trinket,
Fried Motherboard,Rare,2× Electrical Components 5× Plastic Parts,"2,000",3,Recyclable,Workshop Utility Station 3 (3×)
Laboratory Reagents,Rare,16× Chemicals 3× Crude Explosives,"2,000",3,Recyclable,Workshop Explosives Station 3 (3×)
Launcher Ammo,Rare,Cannot be recycled,250,24,Ammunition,
Motor,Rare,2× Mechanical Components 2× Oil,"2,000",3,Recyclable,Workshop Refiner 3 (3×)
Rocket Thruster,Rare,2× Synthesized Fuel 6× Metal Parts,"2,000",3,Recyclable,
Rosary,Rare,Cannot be recycled,"2,000",3,Trinket,
Ruined Accordion,Rare,18× Rubber Parts 3× Steel Spring,"2,000",3,Recyclable,
Rusted Gear,Rare,2× Mechanical Components 4× Metal Parts,"2,000",3,Recyclable,Workshop Gunsmith 3 (3×)
Rusted Shut Medical Kit,Rare,1× Antiseptic 2× Syringe,"2,000",3,Recyclable,Workshop Medical Lab 3 (3×)
Sentinel Firing Core,Rare,2× ARC Alloy 2× Mechanical Components,"2,000",3,Recyclable,Workshop Gunsmith 3 (4×)
Shredder Gyro,Rare,2× ARC Alloy 2× Mechanical Components,"2,000",3,Recyclable,Projects Expedition 2 (10×) Trophy Display (5×)
Spring Cushion,Rare,2× Durable Cloth 2× Steel Spring,"2,000",3,Recyclable,
Sterilized Bandage,Rare,1× Antiseptic 1× Fabric,"2,000",3,Quick Use,
Surge Shield Recharger,Rare,1× Electrical Components,"1,200",5,Quick Use,
Turbo Pump,Rare,1× Mechanical Components 3× Oil,"2,000",3,Recyclable,
Unusable Weapon,Rare,4× Metal Parts 5× Simple Gun Parts,"2,000",3,Recyclable,
Angled Grip III,Rare,1× Mod Components 2× Duct Tape,"5,000",1,Mods,
Antiseptic,Rare,10× Chemicals,"1,000",5,Refined Material,Workshop Medical Lab 3 (8×) Quests Doctor's Orders (2×)
ARC Circuitry,Rare,2× ARC Alloy,"1,000",5,Topside Material,Workshop Refiner 3 (10×)
ARC Motion Core,Rare,2× ARC Alloy,"1,000",5,Topside Material,Workshop Refiner 2 (5×)
Compensator III,Rare,1× Mod Components 2× Wires,"5,000",1,Mods,
Explosive Compound,Rare,2× Crude Explosives,"1,000",5,Refined Material,Workshop Explosives Station 3 (5×)
Extended Light Mag III,Rare,1× Mod Components 2× Steel Spring,"5,000",1,Mods,
Extended Medium Mag III,Rare,1× Mod Components 2× Steel Spring,"5,000",1,Mods,
Extended Shotgun Mag III,Rare,1× Mod Components 2× Steel Spring,"5,000",1,Mods,
Moss,Rare,3× Assorted Seeds,500,10,Topside Material,
Muzzle Brake III,Rare,1× Mod Components 2× Wires,"5,000",1,Mods,
Shotgun Choke III,Rare,1× Mod Components 2× Wires,"5,000",1,Mods,
Silencer II,Rare,1× Mod Components 2× Wires,"5,000",1,Mods,
Smoke Grenade,Rare,1× Canister 2× Chemicals,"1,000",5,Quick Use,
Stable Stock III,Rare,1× Mod Components 2× Duct Tape,"5,000",1,Mods,
Vertical Grip III,Rare,2× Duct Tape 2× Mechanical Components,"5,000",1,Mods,
Heavy Fuze Grenade,Rare,1× Oil 2× Rubber Parts,"1,600",3,Quick Use,
Candleberries,Rare,2× Assorted Seeds,460,10,Nature,
Explosive Mine,Rare,1× Sensors 2× Oil,"1,500",3,Quick Use,
Heavy Gun Parts,Rare,2× Simple Gun Parts,700,5,Topside Material,
Light Gun Parts,Rare,2× Simple Gun Parts,700,5,Topside Material,
Medium Gun Parts,Rare,2× Simple Gun Parts,700,5,Topside Material,
Synthesized Fuel,Rare,1× Oil 1× Plastic Parts,700,5,Topside Material,Workshop Explosives Station 2 (3×)
Advanced ARC Powercell,Rare,2× ARC Powercell,640,5,Topside Material,Projects High-Gain Antenna (15×)
Alarm Clock,Rare,1× Processor 6× Plastic Parts,"1,000",3,Recyclable,
ARC Coolant,Rare,16× Chemicals,"1,000",3,Recyclable,Projects High-Gain Antenna (15×)
ARC Flex Rubber,Rare,16× Rubber Parts,"1,000",3,Recyclable,Projects High-Gain Antenna (10×)
ARC Performance Steel,Rare,12× Metal Parts,"1,000",3,Recyclable,Projects High-Gain Antenna (10×) Trophy Display (10×)
ARC Synthetic Resin,Rare,14× Plastic Parts,"1,000",3,Recyclable,Projects High-Gain Antenna (20×) Trophy Display (10×)
ARC Thermo Lining,Rare,16× Fabric,"1,000",3,Recyclable,Projects High-Gain Antenna (15×)
Blaze Grenade Trap,Rare,Cannot be recycled,"1,000",3,Quick Use,
Broken Flashlight,Rare,2× Battery 6× Metal Parts,"1,000",3,Recyclable,
Broken Taser,Rare,2× Battery 2× Wires,"1,000",3,Recyclable,
Comet Igniter,Rare,2× ARC Alloy 2× Crude Explosives,"1,000",3,Recyclable,
Coolant,Rare,2× Oil 5× Chemicals,"1,000",3,Recyclable,
Cooling Coil,Rare,2× Steel Spring 6× Chemicals,"1,000",3,Recyclable,Projects Expedition 2 (4×)
Cracked Bioscanner,Rare,3× Battery 3× Rubber Parts,"1,000",3,Recyclable,Workshop Medical Lab 2 (2×)
Damaged Heat Sink,Rare,2× Wires 6× Metal Parts,"1,000",3,Recyclable,Workshop Utility Station 2 (2×)
Defibrillator,Rare,1× Moss 1× Plastic Parts,"1,000",3,Quick Use,
Firefly Burner,Rare,2× ARC Alloy 2× Crude Explosives,"1,000",3,Recyclable,Quests Test Case (1×) Projects Expedition 3 (5×)
Headphones,Rare,1× Speaker Component 7× Rubber Parts,"1,000",3,Recyclable,
Hornet Driver,Rare,1× ARC Alloy 1× Electrical Components,"1,000",3,Recyclable,Workshop Gear Bench 2 (5×) Quests Test Case (1×) The Trifecta (2×) Projects Trophy Display (15×)
Humidifier,Rare,2× Canister 2× Wires,"1,000",3,Recyclable,Projects Expedition 1 (5×)
Industrial Battery,Rare,2× Battery 7× Chemicals,"1,000",3,Recyclable,Workshop Gear Bench 3 (3×)
Industrial Charger,Rare,1× Voltage Converter 5× Metal Parts,"1,000",3,Recyclable,Projects Expedition 3 (3×)
Industrial Magnet,Rare,2× Magnet 4× Metal Parts,"1,000",3,Recyclable,
Polluted Air Filter,Rare,2× Oil 6× Fabric,"1,000",3,Recyclable,
Power Bank,Rare,2× Battery 2× Wires,"1,000",3,Recyclable,
Power Cable,Rare,4× Wires,"1,000",3,Recyclable,Workshop Gear Bench 2 (3×)
Projector,Rare,1× Processor 2× Wires,"1,000",3,Recyclable,
Radio,Rare,1× Sensors 1× Speaker Component,"1,000",3,Recyclable,
Remote Control,Rare,1× Sensors 7× Plastic Parts,"1,000",3,Recyclable,
Rubber Pad,Rare,18× Rubber Parts,"1,000",3,Recyclable,
Ruined Riot Shield,Rare,10× Plastic Parts 6× Rubber Parts,"1,000",3,Recyclable,
Rusted Tools,Rare,1× Steel Spring 8× Metal Parts,"1,000",3,Recyclable,Workshop Gunsmith 2 (3×)
Surveyor Vault,Rare,1× ARC Alloy 1× Mechanical Components,"1,000",3,Recyclable,Workshop Medical Lab 3 (5×) Quests Mixed Signals (1×) Projects High-Gain Antenna (10×) Trophy Display (5×)
Tagging Grenade,Rare,1× Plastic Parts 1× Sensors,"1,000",3,Quick Use,
Thermostat,Rare,1× Sensors 7× Rubber Parts,"1,000",3,Recyclable,
Toaster,Rare,3× Wires 5× Plastic Parts,"1,000",3,Recyclable,Workshop Refiner 2 (3×)
Trigger 'Nade,Rare,1× Chemicals 1× Processor,"1,000",3,Quick Use,
Water Filter,Rare,2× Rubber Parts 3× Canister,"1,000",3,Recyclable,
Water Pump,Rare,2× Oil 4× Metal Parts,"1,000",3,Recyclable,
Zipline,Rare,1× Metal Parts 1× Rope,"1,000",3,Quick Use,
Jolt Mine,Rare,1× Battery 2× Plastic Parts,850,3,Quick Use,
Processor,Rare,1× Plastic Parts 1× Wires,500,5,Topside Material,
Rope,Rare,5× Fabric,500,5,Topside Material,
Sensors,Rare,1× Metal Parts 1× Wires,500,5,Topside Material,Projects Expedition 1 (20×)
Speaker Component,Rare,2× Plastic Parts 3× Rubber Parts,500,5,Topside Material,
Syringe,Rare,2× Chemicals 3× Plastic Parts,500,5,Topside Material,Quests Doctor's Orders (1×)
Voltage Converter,Rare,1× Rubber Parts 1× Wires,500,5,Topside Material,
Combat Mk. 2,Rare,1× Electrical Components 1× Magnet,"2,000",1,Augment,
Fireworks Box,Rare,1× Explosive Compound,"2,000",1,Quick Use,
Looting Mk. 2,Rare,1× Electrical Components 1× Magnet,"2,000",1,Augment,
Medium Shield,Rare,1× ARC Circuitry,"2,000",1,Shield,
Portable TV,Rare,2× Battery 6× Wires,"2,000",1,Recyclable,Quests Movie Night (1×)
Raider Hatch Key,Rare,Cannot be recycled,"2,000",1,Key,
Tactical Mk. 2,Rare,1× Electrical Components 1× Magnet,"2,000",1,Augment,
Diving Goggles,Rare,12× Rubber Parts,640,3,Recyclable,
Dog Collar,Rare,1× Metal Parts 8× Fabric,640,3,Recyclable,Workshop Scrappy 2 (1×)
Expired Respirator,Rare,4× Fabric 8× Rubber Parts,640,3,Recyclable,Projects Trophy Display (3×)
Frying Pan,Rare,8× Metal Parts,640,3,Recyclable,
Smoke Grenade Trap,Rare,Cannot be recycled,640,3,Quick Use,
Torn Blanket,Rare,12× Fabric,640,3,Recyclable,
Wasp Driver,Rare,1× ARC Alloy 1× Electrical Components,640,3,Recyclable,Workshop Gunsmith 1 (8×) Quests The Trifecta (2×) Projects Trophy Display (20×)
Energy Clip,Rare,Cannot be recycled,200,5,Ammunition,
Blue Gate Cellar Key,Rare,Cannot be recycled,100,1,Key,
Blue Gate Communication Tower Key,Rare,Cannot be recycled,100,1,Key,
Buried City Hospital Key,Rare,Cannot be recycled,100,1,Key,
Dam Controlled Access Zone Key,Rare,Cannot be recycled,100,1,Key,
Dam Testing Annex Key,Rare,Cannot be recycled,100,1,Key,
Spaceport Container Storage Key,Rare,Cannot be recycled,100,1,Key,
Spaceport Control Tower Key,Rare,Cannot be recycled,100,1,Key,
Stella Montis Security Checkpoint Key,Rare,Cannot be recycled,100,1,Key,
Integrated Defibrillator,Rare,Cannot be recycled,0,1,Quick Use,
Alien Duck,Uncommon,Cannot be recycled,"1,000",15,Trinket,
Gentle Duck,Uncommon,Cannot be recycled,"1,000",15,Trinket,
Tropical Duck,Uncommon,Cannot be recycled,"1,000",15,Trinket,
Agave,Uncommon,3× Assorted Seeds,"1,000",10,Nature,
Air Freshener,Uncommon,Cannot be recycled,"2,000",5,Trinket,
Mushroom,Uncommon,Cannot be recycled,"1,000",10,Nature,Workshop Scrappy 5 (12×)
Fruit Mix,Uncommon,Cannot be recycled,"1,800",5,Quick Use,
Apricot,Uncommon,3× Assorted Seeds,640,10,Nature,Workshop Scrappy 3 (3×) Scrappy 5 (12×)
Durable Cloth,Uncommon,6× Fabric,640,10,Refined Material,Workshop Medical Lab 2 (5×) Quests Doctor's Orders (1×) Projects Expedition 1 (35×) Expedition 2 (35×) Expedition 3 (30×)
Electrical Components,Uncommon,3× Plastic Parts 3× Rubber Parts,640,10,Refined Material,Workshop Gear Bench 2 (5×) Utility Station 2 (5×) Quests Fragmented Logs (1×) Projects Expedition 1 (30×) Expedition 2 (20×) Expedition 3 (20×)
Lemon,Uncommon,3× Assorted Seeds,640,10,Nature,Workshop Scrappy 3 (3×)
Mechanical Components,Uncommon,2× Rubber Parts 3× Metal Parts,640,10,Refined Material,Workshop Gunsmith 2 (5×)
Olives,Uncommon,2× Assorted Seeds,640,10,Nature,Workshop Scrappy 4 (6×)
Prickly Pear,Uncommon,3× Assorted Seeds,640,10,Nature,Workshop Scrappy 4 (6×)
Roots,Uncommon,1× Assorted Seeds,640,10,Nature,
Dart Board,Uncommon,Cannot be recycled,"2,000",3,Trinket,
Light Bulb,Uncommon,Cannot be recycled,"2,000",3,Trinket,Projects Expedition 1 (5×) Expedition 2 (4×)
Painted Box,Uncommon,Cannot be recycled,"2,000",3,Trinket,
Poster Of Natural Wonders,Uncommon,Cannot be recycled,"2,000",3,Trinket,
Pottery,Uncommon,Cannot be recycled,"2,000",3,Trinket,
Very Comfortable Pillow,Uncommon,Cannot be recycled,"2,000",3,Trinket,Workshop Scrappy 5 (3×)
Fertilizer,Uncommon,2× Assorted Seeds,"1,000",5,Nature,
Canister,Uncommon,3× Plastic Parts,300,15,Topside Material,
Duct Tape,Uncommon,3× Fabric,300,15,Topside Material,
Great Mullein,Uncommon,2× Assorted Seeds,300,15,Topside Material,Quests Doctor's Orders (1×)
Herbal Bandage,Uncommon,2× Assorted Seeds 5× Fabric,900,5,Quick Use,
Magnet,Uncommon,2× Metal Parts,300,15,Topside Material,
Oil,Uncommon,3× Chemicals,300,15,Topside Material,
Steel Spring,Uncommon,2× Metal Parts,300,15,Topside Material,Projects Expedition 1 (15×) Expedition 2 (15×) Expedition 3 (15×)
Shrapnel Grenade,Uncommon,1× Crude Explosives 1× Metal Parts,800,5,Quick Use,
Battery,Uncommon,2× Metal Parts,250,15,Topside Material,Quests After Rain Comes (2×) Clamoring for Attention (1×) Trash Into Treasure (1×) Projects Expedition 1 (30×) Expedition 2 (30×) Expedition 3 (25×)
Simple Gun Parts,Uncommon,2× Metal Parts,330,10,Topside Material,
Burned ARC Circuitry,Uncommon,2× ARC Alloy,640,5,Recyclable,
Camera Lens,Uncommon,8× Plastic Parts,640,5,Recyclable,
Damaged ARC Motion Core,Uncommon,2× ARC Alloy,640,5,Recyclable,
Seeker Grenade,Uncommon,1× Crude Explosives,640,5,Quick Use,
ARC Alloy,Uncommon,2× Metal Parts,200,15,Topside Material,Workshop Explosives Station 1 (6×) Medical Lab 1 (6×) Utility Station 1 (6×) Quests Clearer Skies (3×) Projects Expedition 1 (80×) Expedition 2 (80×) Expedition 3 (80×) High-Gain Antenna (50×)
Cat Bed,Uncommon,Cannot be recycled,"1,000",3,Trinket,Workshop Scrappy 4 (1×)
Deflated Football,Uncommon,9× Fabric 9× Rubber Parts,"1,000",3,Recyclable,Quests The League (1×)
Garlic Press,Uncommon,12× Metal Parts,"1,000",3,Recyclable,
Lure Grenade Trap,Uncommon,Cannot be recycled,"1,000",3,Quick Use,
Lure Grenade,Uncommon,1× Speaker Component,"1,000",3,Quick Use,
Ripped Safety Vest,Uncommon,1× Durable Cloth 1× Magnet,"1,000",3,Recyclable,
Snitch Scanner,Uncommon,1× ARC Alloy 1× Electrical Components,"1,000",3,Recyclable,Workshop Utility Station 2 (6×) Quests The Trifecta (2×)
Spotter Relay,Uncommon,1× ARC Alloy 1× Electrical Components,"1,000",3,Recyclable,Projects Trophy Display (10×)
Wires,Uncommon,2× Rubber Parts,200,15,Topside Material,Quests After Rain Comes (5×) Clamoring for Attention (3×) Eyes On The Prize (3×) Trash Into Treasure (6×) Projects Expedition 1 (30×) Expedition 2 (25×) Expedition 3 (25×)
Crude Explosives,Uncommon,3× Chemicals,270,10,Refined Material,Workshop Explosives Station 2 (5×)
Shield Recharger,Uncommon,4× Rubber Parts,520,5,Quick Use,
Snap Blast Grenade,Uncommon,1× Chemicals 1× Magnet,800,3,Quick Use,
Angled Grip II,Uncommon,1× Duct Tape 1× Mechanical Components,"2,000",1,Mods,
Compensator II,Uncommon,1× Mechanical Components 1× Wires,"2,000",1,Mods,
Extended Light Mag II,Uncommon,1× Mechanical Components 1× Steel Spring,"2,000",1,Mods,
Extended Medium Mag II,Uncommon,1× Mechanical Components 1× Steel Spring,"2,000",1,Mods,
Extended Shotgun Mag II,Uncommon,1× Mechanical Components 1× Steel Spring,"2,000",1,Mods,
Flame Spray,Uncommon,1× Canister 1× Fireball Burner,"2,000",1,Quick Use,
Muzzle Brake II,Uncommon,1× Mechanical Components 1× Wires,"2,000",1,Mods,
Shotgun Choke II,Uncommon,1× Mechanical Components 1× Wires,"2,000",1,Mods,
Silencer I,Uncommon,1× Mechanical Components 1× Wires,"2,000",1,Mods,
Stable Stock II,Uncommon,1× Duct Tape 1× Mechanical Components,"2,000",1,Mods,
Vertical Grip II,Uncommon,1× Duct Tape 1× Mechanical Components,"2,000",1,Mods,
Barricade Kit,Uncommon,4× Metal Parts,640,3,Quick Use,
Candle Holder,Uncommon,8× Metal Parts,640,3,Recyclable,
Degraded ARC Rubber,Uncommon,11× Rubber Parts,640,3,Recyclable,
Dried-Out ARC Resin,Uncommon,9× Plastic Parts,640,3,Recyclable,
Fireball Burner,Uncommon,1× ARC Alloy 1× Crude Explosives,640,3,Recyclable,Workshop Refiner 2 (8×) Quests Test Case (1×)
Household Cleaner,Uncommon,11× Chemicals,640,3,Recyclable,
Ice Cream Scooper,Uncommon,7× Metal Parts,640,3,Recyclable,
Impure ARC Coolant,Uncommon,12× Chemicals,640,3,Recyclable,
Metal Brackets,Uncommon,8× Metal Parts,640,3,Recyclable,
Pop Trigger,Uncommon,1× ARC Alloy 1× Crude Explosives,640,3,Recyclable,Workshop Explosives Station 2 (5×) Projects Trophy Display (15×)
Ruined Baton,Uncommon,3× Rubber Parts 6× Metal Parts,640,3,Recyclable,
Ruined Handcuffs,Uncommon,8× Metal Parts,640,3,Recyclable,
Ruined Parachute,Uncommon,10× Fabric,640,3,Recyclable,
Ruined Tactical Vest,Uncommon,1× Magnet 5× Fabric,640,3,Recyclable,
Rusted Bolts,Uncommon,8× Metal Parts,640,3,Recyclable,Projects Trophy Display (3×)
Rusty ARC Steel,Uncommon,8× Metal Parts,640,3,Recyclable,
Tattered ARC Lining,Uncommon,12× Fabric,640,3,Recyclable,
Tattered Clothes,Uncommon,11× Fabric,640,3,Recyclable,
Tick Pod,Uncommon,2× ARC Alloy 2× Chemicals,640,3,Recyclable,Workshop Medical Lab 2 (8×) Projects Trophy Display (15×)
Pulse Mine,Uncommon,6× Chemicals,470,3,Quick Use,
Recorder,Uncommon,10× Plastic Parts,"1,000",1,Quick Use,
Shaker,Uncommon,10× Plastic Parts,"1,000",1,Quick Use,
Crumpled Plastic Bottle,Uncommon,4× Plastic Parts,270,3,Recyclable,
Number Plate,Uncommon,3× Metal Parts,270,3,Recyclable,
Combat Mk. 1,Uncommon,3× Plastic Parts 3× Rubber Parts,640,1,Augment,
Light Shield,Uncommon,4× Plastic Parts,640,1,Shield,
Looting Mk. 1,Uncommon,3× Plastic Parts 3× Rubber Parts,640,1,Augment,
Tactical Mk. 1,Uncommon,3× Plastic Parts 3× Rubber Parts,640,1,Augment,
Stella Montis Assembly Admin Key,Uncommon,Cannot be recycled,250,1,Key,
Blue Gate Village Key,Uncommon,Cannot be recycled,100,1,Key,
Buried City JKV Employee Access Card,Uncommon,Cannot be recycled,100,1,Key,
Buried City Residential Master Key,Uncommon,Cannot be recycled,100,1,Key,
Dam Staff Room Key,Uncommon,Cannot be recycled,100,1,Key,
Dam Surveillance Key,Uncommon,Cannot be recycled,100,1,Key,
Dam Utility Key,Uncommon,Cannot be recycled,100,1,Key,
Patrol Car Key,Uncommon,Cannot be recycled,100,1,Key,
Spaceport Trench Tower Key,Uncommon,Cannot be recycled,100,1,Key,
Spaceport Warehouse Key,Uncommon,Cannot be recycled,100,1,Key,
Stella Montis Medical Storage Key,Uncommon,Cannot be recycled,100,1,Key,